0,0.8942019641399384,48.4375,0.7204391956329346
1,0.8473196923732758,48.4375,0.8394391536712646
2,0.6515794694423676,64.0625,0.8059008717536926
3,0.6253479719161987,64.0625,0.705934464931488
4,0.7181585133075714,68.75,0.7770415544509888
5,0.8433363735675812,67.1875,0.8509154915809631
6,0.5997945666313171,71.875,1.0406131744384766
7,0.8138111233711243,65.625,1.0709009170532227
8,0.5739289820194244,76.5625,0.8987574577331543
9,0.5791237652301788,78.125,0.7263013124465942
10,0.4929705858230591,75.0,0.581872820854187
11,0.5230085551738739,81.25,0.37172219157218933
12,0.4949132204055786,84.375,0.29545265436172485
13,0.4903675317764282,82.8125,0.249919593334198
14,0.49160170555114746,79.6875,5.4989795899018645e-05
15,0.48446808755397797,75.0,4.5099820766836274e-08
16,0.48573818802833557,79.6875,7.514893596294314e-09
17,0.44357573986053467,92.1875,2.970242576338933e-07
18,0.42540764808654785,92.1875,2.7517064154380932e-05
19,0.9611661732196808,39.0625,0.002485616598278284
20,0.8359497785568237,40.625,56.91780471801758
21,1.1775798201560974,73.4375,8.080453872680664
22,0.608482837677002,70.3125,3.203010453870682e-37
23,1.3121012449264526,34.375,3.5844433604383374e-27
24,0.5637015104293823,75.0,2.118435635245497e-13
25,0.7875359654426575,51.5625,23.83678436279297
26,0.6095503121614456,85.9375,1.4118531144763183e-21
27,0.8394155502319336,54.6875,4.734045505523682
28,0.7768396437168121,51.5625,5.090472221374512
29,0.6790409684181213,64.0625,3.913029432296753
30,0.6747890114784241,50.0,15.902751922607422
31,0.7581462562084198,51.5625,0.01152255292981863
32,0.7777544856071472,51.5625,0.00019741946016438305
33,0.7307066321372986,56.25,0.021613910794258118
34,0.885283887386322,43.75,0.08425930142402649
35,0.6402518451213837,67.1875,0.03233327716588974
36,0.7689342796802521,50.0,0.00778487604111433
37,0.7482356429100037,37.5,0.01074276864528656
38,0.7041609883308411,54.6875,0.042623475193977356
39,0.868399977684021,40.625,0.5616272687911987
40,0.7736181914806366,42.1875,0.5454213619232178
41,0.7086016237735748,56.25,0.5565894842147827
42,0.7139863669872284,53.125,0.5509394407272339
43,0.7325212359428406,59.375,0.5612866878509521
44,0.8041119277477264,51.5625,0.5751646757125854
45,0.6169469356536865,68.75,0.5526182651519775
46,0.7491735816001892,54.6875,0.5578510761260986
47,0.7176737785339355,50.0,0.5603483319282532
48,0.7080920934677124,51.5625,0.5747866630554199
49,0.6804216802120209,57.8125,0.5824559330940247
50,0.7680613994598389,39.0625,0.5863863229751587
51,0.6947381496429443,56.25,0.5940450429916382
52,0.6927380859851837,53.125,0.6021245718002319
53,0.9669740200042725,46.875,0.5473114848136902
54,0.704330712556839,59.375,0.5638985633850098
55,0.6950117349624634,57.8125,0.5726114511489868
56,0.7312069535255432,68.75,0.5763523578643799
57,0.7351933121681213,50.0,0.5591020584106445
58,0.7109028398990631,48.4375,0.5218471884727478
59,0.6959413588047028,50.0,0.4677991271018982
60,0.7104939818382263,60.9375,0.475705087184906
61,0.6818262040615082,62.5,0.489602655172348
62,0.6955050528049469,51.5625,0.5130288004875183
63,0.6842192709445953,60.9375,0.5530004501342773
64,0.630403459072113,71.875,0.20503447949886322
65,0.7159852683544159,57.8125,0.16445159912109375
66,0.706220805644989,64.0625,0.1740296483039856
67,0.6911700665950775,57.8125,0.20368283987045288
68,0.7017063498497009,59.375,0.21070298552513123
69,0.7091394066810608,45.3125,0.29350268840789795
70,0.6878394484519958,56.25,0.4040890634059906
71,0.7269641160964966,53.125,0.4398745596408844
72,0.7030274868011475,43.75,0.42128151655197144
73,0.7692093253135681,53.125,0.3803999125957489
74,0.8033141195774078,43.75,0.36368894577026367
75,0.8292828500270844,54.6875,0.375388503074646
76,0.7473064363002777,43.75,0.3374963104724884
77,0.7400785982608795,50.0,0.3685160279273987
78,0.6983709931373596,34.375,0.42919647693634033
79,0.6983582973480225,54.6875,0.3500464856624603
80,0.6993461847305298,56.25,0.45298197865486145
81,0.7240293025970459,60.9375,0.47590121626853943
82,0.655768096446991,57.8125,0.47965508699417114
83,0.7368977963924408,54.6875,0.43361252546310425
84,0.743100494146347,51.5625,0.5101423263549805
85,0.7091407775878906,45.3125,0.4238792657852173
86,0.7111122608184814,56.25,0.3800744414329529
87,0.7216492295265198,62.5,0.18021613359451294
88,0.6950244307518005,57.8125,0.5248920917510986
89,0.7082938849925995,53.125,0.5261719226837158
90,0.7006922364234924,56.25,0.5664381980895996
91,0.6978077590465546,50.0,0.6119804382324219
92,0.7183453142642975,23.4375,2.375969024475462e-22
93,0.7078041732311249,53.125,0.0
94,0.7042458653450012,56.25,0.0
95,0.7254327237606049,54.6875,0.0
96,0.6944800019264221,53.125,0.0
97,0.7260801494121552,54.6875,643.9002685546875
98,0.7348064184188843,70.3125,141.4583740234375
99,0.7071562707424164,50.0,29.40047836303711
100,0.7069406509399414,56.25,1.0943945885958063e-19
101,0.6908774673938751,48.4375,64.393798828125
102,0.7076221108436584,53.125,31.167749404907227
103,0.7673574984073639,53.125,0.7305627465248108
104,0.6974664330482483,51.5625,3.3912038803100586
105,0.6910650730133057,59.375,5.027505874633789
106,0.7040809094905853,43.75,8.016969680786133
107,0.70294189453125,56.25,5.998254776000977
108,0.7146579921245575,51.5625,4.886685371398926
109,0.6878042221069336,53.125,2.3572757244110107
110,0.6742974519729614,60.9375,0.14117419719696045
111,0.6884457170963287,54.6875,0.004021207801997662
112,0.6937937140464783,46.875,0.693771243095398
113,0.6995528042316437,57.8125,0.6937779784202576
114,0.7061332762241364,73.4375,0.6937805414199829
115,0.7202051281929016,39.0625,0.6937843561172485
116,0.7565738558769226,59.375,0.6937887072563171
117,0.7036644220352173,53.125,0.6936954259872437
118,0.7074942588806152,62.5,0.6921628713607788
119,0.6979361176490784,37.5,0.6912975311279297
120,0.6915881633758545,68.75,0.6907984018325806
121,0.6988213658332825,65.625,0.6901478171348572
122,0.6830461621284485,57.8125,0.68919837474823
123,0.6513923704624176,75.0,0.6873581409454346
124,0.6473904848098755,59.375,0.6875411868095398
125,0.6353580951690674,78.125,0.6864309906959534
126,0.6843955218791962,54.6875,0.685554563999176
127,0.6153335869312286,71.875,0.6835331916809082
128,0.7376083135604858,56.25,0.6822558045387268
129,0.7356174886226654,78.125,0.2883509397506714
130,0.6117300093173981,70.3125,3.1802440692561048e-15
131,0.7125948071479797,70.3125,0.057290975004434586
132,0.6392408013343811,71.875,0.6654750108718872
133,0.6350022554397583,56.25,0.6611379981040955
134,0.5806876420974731,81.25,0.6625238656997681
135,0.769540011882782,50.0,0.6643034219741821
136,0.6992089748382568,46.875,0.6654977798461914
137,0.707755982875824,48.4375,0.6648626327514648
138,0.6894930899143219,73.4375,0.6656301021575928
139,0.7168237864971161,43.75,0.6673690676689148
140,0.7010836005210876,51.5625,0.6685628890991211
141,0.6980133652687073,46.875,0.6696269512176514
142,0.6955897212028503,53.125,0.670227587223053
143,0.7056857049465179,54.6875,0.6715167164802551
144,0.6846994757652283,64.0625,0.6713069081306458
145,0.6873539090156555,45.3125,0.6716340184211731
146,0.6841126084327698,56.25,0.6730836033821106
147,0.6920877397060394,54.6875,0.6733012199401855
148,0.678234338760376,56.25,0.6728883981704712
149,0.6845488548278809,46.875,0.673354983329773
150,0.6827067136764526,54.6875,0.6734806299209595
151,0.6189595460891724,84.375,0.6722526550292969
152,0.6630370616912842,68.75,0.6585286259651184
153,0.714428722858429,46.875,0.6521729230880737
154,0.6551811397075653,64.0625,0.6514570713043213
155,0.6113510727882385,65.625,0.6445394158363342
156,0.5757402181625366,85.9375,0.6472004652023315
157,0.5643517374992371,84.375,0.6428146958351135
158,0.6055704057216644,67.1875,0.6350421905517578
159,0.5476092994213104,71.875,0.63111412525177
160,0.48216065764427185,85.9375,0.6338278651237488
161,0.8036873936653137,67.1875,0.6302566528320312
162,0.5562700182199478,73.4375,0.627693235874176
163,0.6863138675689697,62.5,0.6288527250289917
164,0.4726506471633911,93.75,0.6273694038391113
165,0.5632435828447342,56.25,0.6338896751403809
166,0.55214723944664,76.5625,0.6366503238677979
167,0.4613134115934372,92.1875,0.6386206150054932
168,0.4317162185907364,93.75,0.6423635482788086
169,0.44759464263916016,92.1875,0.6400949954986572
170,0.4228847548365593,98.4375,0.6406855583190918
171,0.4974646270275116,92.1875,0.664680004119873
172,0.8082363903522491,64.0625,0.6672924757003784
173,0.509777769446373,92.1875,0.6658298969268799
174,0.6693016588687897,70.3125,0.660269021987915
175,0.471988707780838,62.5,0.6715141534805298
176,1.6025822758674622,46.875,0.6731904745101929
177,1.2595016360282898,51.5625,0.6783980131149292
178,1.0837045907974243,57.8125,0.6745030879974365
179,0.7208016216754913,46.875,0.6751015186309814
180,0.9008046984672546,62.5,0.6749686002731323
181,0.684113472700119,53.125,0.6818920373916626
182,0.6909992694854736,70.3125,0.6894789934158325
183,0.6213348805904388,76.5625,0.6919832229614258
184,0.9702755808830261,54.6875,0.6938519477844238
185,0.5909655392169952,57.8125,0.6919746398925781
186,0.4772687405347824,57.8125,0.6865650415420532
187,0.4649069011211395,95.3125,0.6833688020706177
188,0.5220125913619995,89.0625,0.6953421235084534
189,1.19805708527565,51.5625,0.6767998337745667
190,1.015417605638504,50.0,0.6454537510871887
191,1.4843732118606567,40.625,0.5588278770446777
192,1.268498957157135,48.4375,0.5106381177902222
193,0.9884114265441895,35.9375,0.4480171203613281
194,0.6301451921463013,50.0,0.4120444059371948
195,1.3688957393169403,57.8125,0.43551379442214966
196,0.8582334220409393,43.75,0.4400351047515869
197,1.0300344824790955,46.875,0.4406171441078186
198,0.8973603248596191,45.3125,0.47012579441070557
199,0.6830586194992065,59.375,0.5234297513961792
200,0.9307532906532288,35.9375,0.5199065208435059
201,0.9173285067081451,48.4375,0.5240206718444824
202,0.7171161770820618,46.875,0.4831315875053406
203,0.7978141903877258,48.4375,0.4552523195743561
204,0.7534351646900177,46.875,0.4343036711215973
205,0.7355361580848694,57.8125,0.3831569254398346
206,0.7131024301052094,59.375,0.3878999352455139
207,0.6982671022415161,59.375,0.4011130928993225
208,0.7083475887775421,62.5,0.40272361040115356
209,0.7460682392120361,51.5625,0.39399024844169617
210,0.6932488679885864,56.25,0.38963648676872253
211,0.7064578533172607,54.6875,0.359393835067749
212,0.7403534650802612,57.8125,0.3448043763637543
213,0.6757082641124725,62.5,0.33330872654914856
214,0.7376383543014526,46.875,0.3199387192726135
215,0.731969803571701,62.5,0.31410813331604004
216,0.7459933459758759,53.125,0.30649295449256897
217,0.6685278415679932,53.125,0.2794250249862671
218,0.667234867811203,57.8125,0.273514062166214
219,0.7052139937877655,59.375,0.2739880084991455
220,0.7287419438362122,60.9375,0.27490735054016113
221,0.6747991740703583,62.5,0.2616698741912842
222,0.7525268793106079,59.375,0.3588751554489136
223,0.7620550990104675,39.0625,0.3641209900379181
224,0.7206008434295654,56.25,0.3244973123073578
225,0.7241226434707642,43.75,0.30026012659072876
226,0.675330400466919,56.25,0.29297733306884766
227,0.6458448171615601,56.25,0.3061788082122803
228,0.6910018026828766,45.3125,0.2535335421562195
229,0.6518152058124542,54.6875,0.27755221724510193
230,0.7816894054412842,59.375,0.30254632234573364
231,0.63218754529953,64.0625,0.23646055161952972
232,0.6510851383209229,68.75,0.19704347848892212
233,0.6301600635051727,70.3125,0.17646165192127228
234,0.6284295916557312,62.5,0.18423223495483398
235,0.6186774969100952,60.9375,0.1703696846961975
236,0.5985898673534393,78.125,0.1427568793296814
237,0.5835514962673187,62.5,0.1347971111536026
238,0.5574452877044678,79.6875,0.12238911539316177
239,0.6302331686019897,65.625,0.08977057039737701
240,0.6060851514339447,62.5,0.07371710240840912
241,0.5699686706066132,81.25,0.09632227569818497
242,0.5410403907299042,76.5625,0.11617615073919296
243,0.5478447079658508,76.5625,0.11080311983823776
244,0.5287997424602509,75.0,0.10650326311588287
245,0.48718179762363434,79.6875,0.10608027875423431
246,0.5300285816192627,76.5625,0.09375900030136108
247,0.49133679270744324,78.125,0.07826313376426697
248,0.5959553122520447,67.1875,0.10344333946704865
249,0.4905230551958084,79.6875,0.1150629073381424
250,0.4758089482784271,79.6875,0.1187976598739624
251,0.4868592768907547,79.6875,0.07237154245376587
252,0.4538572430610657,78.125,0.05938319116830826
253,0.43669363856315613,89.0625,0.07115551084280014
254,0.4919520318508148,82.8125,0.11789035052061081
255,0.554945170879364,73.4375,0.13543380796909332
256,0.44706055521965027,85.9375,0.10637317597866058
257,0.41965287923812866,90.625,0.09118214249610901
258,0.39866699278354645,90.625,0.07539986073970795
259,0.38378916680812836,85.9375,0.06739792972803116
260,0.3953995406627655,93.75,0.06502944231033325
261,0.3806592524051666,92.1875,0.07127343118190765
262,0.349541038274765,93.75,0.09372486174106598
263,0.33516983687877655,96.875,0.10026561468839645
264,0.3395844101905823,96.875,0.09555573016405106
265,0.32106922566890717,96.875,0.09786728024482727
266,0.350328654050827,93.75,0.09801755100488663
267,0.31082114577293396,98.4375,0.11117051541805267
268,0.291410394012928,95.3125,0.10733582079410553
269,0.32430941611528397,89.0625,0.09980697929859161
270,0.35049401223659515,95.3125,0.10860535502433777
271,0.27652113139629364,96.875,0.11216632276773453
272,0.293660506606102,96.875,0.11254988610744476
273,0.2731791213154793,100.0,0.11381345987319946
274,0.2591561824083328,96.875,0.11842337250709534
275,0.2752393037080765,100.0,0.13758006691932678
276,0.2290530651807785,100.0,0.14244391024112701
277,0.24189390987157822,95.3125,0.15071727335453033
278,0.34655188024044037,96.875,0.12387458235025406
279,0.24109762161970139,98.4375,0.07980465143918991
280,0.24402645230293274,100.0,0.038855262100696564
281,0.22845949232578278,98.4375,0.0494433268904686
282,0.22466984391212463,100.0,0.06605876982212067
283,0.21430703997612,100.0,0.0958632305264473
284,0.2245071977376938,98.4375,0.13583797216415405
285,0.17118369042873383,100.0,0.16223445534706116
286,0.1711319498717785,100.0,0.21807736158370972
287,0.18932097405195236,100.0,0.19606737792491913
288,0.1433139331638813,100.0,0.1674925982952118
289,0.17886795848608017,96.875,0.36371317505836487
290,0.4750033989548683,84.375,5.097077369689941
291,0.31353799998760223,96.875,11.512996673583984
292,0.2519637644290924,100.0,29.450550079345703
293,0.16499007493257523,100.0,48.464683532714844
294,0.15705525130033493,100.0,37.365631103515625
295,2.3984251022338867,1.5625,1.1147611177287959e-23
296,0.7805951237678528,51.5625,115.32376861572266
297,0.8475014269351959,57.8125,39.74003219604492
298,0.8236348927021027,62.5,6.806405067443848
299,0.750079482793808,62.5,98.656005859375
300,0.6830014288425446,68.75,9.844940185546875
301,0.6980555057525635,65.625,54.201072692871094
302,0.6501408219337463,68.75,26.91666030883789
303,0.6127765476703644,79.6875,5.913690870329447e-09
304,0.552158772945404,76.5625,0.0011192380916327238
305,0.5732296109199524,87.5,30.024391174316406
306,0.5034628659486771,92.1875,16.49997329711914
307,0.46138712763786316,95.3125,14.412059783935547
308,0.4602486193180084,92.1875,7.622658729553223
309,0.4083929806947708,95.3125,5.981552600860596
310,0.36907675862312317,96.875,4.699813365936279
311,0.35115286707878113,92.1875,5.823976516723633
312,0.40171265602111816,89.0625,1.0799201726913452
313,0.3604380488395691,98.4375,4.373976707458496
314,0.32589393854141235,96.875,13.902981758117676
315,0.30777670443058014,95.3125,17.732032775878906
316,0.32306719571352005,93.75,23.252117156982422
317,0.2751198932528496,95.3125,15.968408584594727
318,0.29975950717926025,98.4375,29.976154327392578
319,0.35333622992038727,93.75,34.226844787597656
320,0.3473176956176758,96.875,0.07832784950733185
321,1.1135185956954956,46.875,17.77664566040039
322,0.5654759705066681,78.125,38.805938720703125
323,0.45752130448818207,84.375,50.98731231689453
324,0.5426773428916931,87.5,51.599449157714844
325,0.4977174550294876,81.25,55.782657623291016
326,0.8104745745658875,60.9375,0.0
327,0.6385405212640762,73.4375,2.9232296252574117e-27
328,0.4551596939563751,89.0625,3.927607433076279e-21
329,0.5217427313327789,90.625,4.821111953633281e-16
330,0.44893912971019745,92.1875,3.4019274453588176e-29
331,0.41442620754241943,92.1875,5.970029246542749e-19
332,0.3793475478887558,95.3125,1.109667303249122e-13
333,1.1408591270446777,39.0625,5.1309384739398766e-17
334,0.5747472941875458,84.375,2.9764107623009295e-08
335,0.44036562740802765,95.3125,1.025686287903227e-06
336,0.39116810262203217,95.3125,3.562829806469381e-05
337,0.3873799294233322,93.75,9.276656783185899e-05
338,0.3659036159515381,96.875,0.0067626419477164745
339,0.3199872672557831,93.75,0.023939525708556175
340,0.32780715823173523,96.875,0.06480231136083603
341,0.28855448961257935,96.875,0.02914944663643837
342,0.3108494430780411,98.4375,0.07283852994441986
343,0.2817462533712387,98.4375,0.13293322920799255
344,0.27206236124038696,98.4375,0.04767376929521561
345,0.2765975445508957,98.4375,0.13859421014785767
346,0.2258363589644432,100.0,0.15303418040275574
347,0.2388596087694168,100.0,0.137537881731987
348,0.24284451454877853,100.0,0.0005610054358839989
349,0.2274845689535141,100.0,9.333774620443329e-24
350,0.20073740929365158,96.875,2.5675577969308008e-20
351,0.2057742029428482,100.0,5.3382849429564e-18
352,0.2078956477344036,100.0,5.7829951764787335e-12
353,0.188802320510149,100.0,1.2144457314788859e-11
354,0.1979600451886654,100.0,6.715629297104897e-08
355,0.17045681923627853,100.0,3.3869034243849683e-09
356,0.17568567395210266,100.0,3.005473263328895e-05
357,0.15484890341758728,100.0,2.0736852235359038e-09
358,0.18169914186000824,100.0,4.123564684155312e-11
359,0.16158408671617508,100.0,1.7820443787286422e-08
360,0.13955059088766575,100.0,0.00016753945965319872
361,0.13495513424277306,100.0,0.0036605282220989466
362,0.10755634680390358,100.0,0.000298580271191895
363,0.12144262343645096,100.0,5.78038316234597e-06
364,0.10763373598456383,100.0,0.00115612568333745
365,0.08633261546492577,100.0,0.016435733065009117
366,0.11969190090894699,100.0,0.0043100337497889996
367,0.10865018516778946,100.0,0.005238113924860954
368,0.08990820124745369,100.0,0.008812619373202324
369,0.09163717180490494,100.0,0.03150160610675812
370,0.08466878719627857,100.0,0.008913706988096237
371,0.08198325335979462,100.0,0.0036337601486593485
372,0.0677754208445549,100.0,0.00855966005474329
373,0.0768728256225586,100.0,0.0019194004125893116
374,0.0600705873221159,100.0,0.00802578590810299
375,0.06269679311662912,100.0,2.2822634946351172e-06
376,0.05653195455670357,100.0,5.805961222904443e-07
377,0.059239103458821774,100.0,1.99445210569138e-07
378,0.06892751157283783,100.0,1.6584760530101804e-27
379,0.0486080888658762,100.0,3.036040586563905e-27
380,0.054769959300756454,100.0,2.0392563241786394e-34
381,0.05362793616950512,100.0,4.10234556673146e-35
382,0.06253158487379551,100.0,1.4273219749668847e-32
383,0.03130136709660292,100.0,2.0674297477290505e-30
384,0.031136568635702133,100.0,8.130967893034689e-33
385,0.03165749926120043,100.0,4.744334732229989e-38
386,0.041696684435009956,100.0,0.0
387,0.03344604093581438,100.0,1.848038692568689e-36
388,0.0251472694799304,100.0,6.358762304021276e-34
389,0.03333021514117718,100.0,1.1445861043998578e-33
390,0.026002518832683563,100.0,1.2362108721835026e-29
391,0.02689596824347973,100.0,3.2853903272036074e-29
392,0.01839349325746298,100.0,2.069755118553169e-27
393,0.018127646297216415,100.0,4.108166016150928e-28
394,0.029512979090213776,100.0,3.2906013971043054e-30
395,0.01796245388686657,100.0,7.620625257383667e-32
396,0.01918136700987816,100.0,3.366333566092032e-26
397,0.01873984932899475,100.0,1.3844039441204813e-28
398,0.026946439407765865,100.0,3.8376983564115573e-25
399,0.01473298016935587,100.0,2.356965545967139e-26
400,0.01358012855052948,100.0,5.104277494541914e-27
401,0.016191923525184393,100.0,2.6340782071268896e-27
402,0.02019817242398858,100.0,1.0697729639378519e-26
403,0.014202918391674757,100.0,1.6916552653498642e-25
404,0.027506645768880844,100.0,2.654644358371588e-29
405,0.022139149717986584,100.0,7.32077846002168e-28
406,0.018692759796977043,100.0,2.740161355877254e-25
407,0.024754098616540432,100.0,7.700765867063415e-20
408,0.012615537270903587,100.0,2.2916959606037875e-22
409,0.019048375077545643,100.0,1.5563102322081528e-23
410,0.010261190356686711,100.0,1.4720516833771345e-23
411,0.021592188626527786,100.0,4.590435376240368e-22
412,0.010367936920374632,100.0,1.3401527920186664e-20
413,0.016856109723448753,100.0,9.808723051731574e-21
414,0.013100232928991318,100.0,1.2899208659749004e-22
415,0.016162837389856577,100.0,2.0214961311410535e-21
416,0.015783846378326416,100.0,1.3162856828999922e-21
417,0.01567640621215105,100.0,1.996042555846575e-21
418,0.010386261157691479,100.0,1.4164996238527502e-20
419,0.008814402855932713,100.0,4.627751763572558e-20
420,0.009318275842815638,100.0,8.912412273512848e-20
421,0.017209545709192753,100.0,1.1948866932633422e-19
422,0.012506081722676754,100.0,5.642154497266277e-19
423,0.01292232982814312,100.0,1.2355969000590545e-21
424,0.01180905057117343,100.0,3.6893613422799463e-22
425,0.009417091030627489,100.0,1.3798679223479037e-22
426,0.0073593310080468655,100.0,1.0643269933821585e-20
427,0.00819137878715992,100.0,8.409505646177822e-22
428,0.00904022972099483,100.0,2.060969973531844e-21
429,0.009276630589738488,100.0,6.965586572838169e-24
430,0.008720416110008955,100.0,2.5171458439932212e-22
431,0.011368473526090384,100.0,1.4492837377028267e-23
432,0.00874789571389556,100.0,3.290831084881698e-23
433,0.009501130087301135,100.0,3.0752056878276614e-21
434,0.009747178293764591,100.0,8.458248919749321e-21
435,0.007310527376830578,100.0,9.29911355532642e-22
436,0.009402565890923142,100.0,3.683789485177738e-21
437,0.005548301385715604,100.0,4.667857744819162e-21
438,0.008955351077020168,100.0,4.574399260297741e-20
439,0.0068710376508533955,100.0,7.699686008623122e-20
440,0.009205989073961973,100.0,3.1484034737659113e-19
441,0.006943516433238983,100.0,5.699655699053959e-20
442,0.00572160305455327,100.0,8.939075923570612e-20
443,0.010710150469094515,100.0,1.816378196554673e-18
444,0.01187083963304758,100.0,3.2637136919267222e-18
445,0.009060799144208431,100.0,1.2170629298570367e-17
446,0.00821799342520535,100.0,1.3988080761969827e-17
447,0.006887909257784486,100.0,3.174876355294905e-17
448,0.008188663981854916,100.0,4.5389815578173283e-17
449,0.005063435295596719,100.0,8.367311737311159e-17
450,0.005574057577177882,100.0,1.0499824384631247e-16
451,0.005360519979149103,100.0,1.7837473606837218e-16
452,0.005957817891612649,100.0,7.388532741278803e-17
453,0.0054020744282752275,100.0,6.8282010079256885e-18
454,0.004926003515720367,100.0,2.20316793370253e-17
455,0.006308605428785086,100.0,1.2205333164861661e-16
456,0.005520658567547798,100.0,2.666357147560581e-17
457,0.005848604021593928,100.0,1.0868498121901642e-16
458,0.005236657802015543,100.0,2.5307824105992622e-17
459,0.008005974115803838,100.0,4.074890750178819e-16
460,0.006294101243838668,100.0,1.738855077700387e-17
461,0.004178238217718899,100.0,5.0121652641446125e-18
462,0.005335368914529681,100.0,4.426658702438753e-17
463,0.005109214689582586,100.0,7.175403039009615e-18
464,0.006244271993637085,100.0,8.51867238908244e-18
465,0.005408346652984619,100.0,1.1693329541515019e-17
466,0.006145991617813706,100.0,2.6764131491801635e-16
467,0.0064015265088528395,100.0,7.788356115184474e-17
468,0.004271330777555704,100.0,6.675571709248935e-18
469,0.0038671991787850857,100.0,3.6490465241334957e-16
470,0.021819601766765118,100.0,1.5729369746214056e-24
471,0.005577650619670749,100.0,1.1077331509938012e-25
472,0.006223542848601937,100.0,1.2969789346559622e-24
473,0.004834897234104574,100.0,5.109523573636029e-25
474,0.0068627893924713135,100.0,2.7093587534148958e-24
475,0.0061820331029593945,100.0,2.928621705248751e-25
476,0.007259633392095566,100.0,2.8110143771938765e-25
477,0.00563039374537766,100.0,2.703446043715038e-26
478,0.004418250638991594,100.0,3.5593523451228605e-27
479,0.004049446317367256,100.0,2.0168338377623134e-26
480,0.004071889212355018,100.0,1.7280260671636282e-25
481,0.003746725502423942,100.0,1.70457834772134e-26
482,0.004818067187443376,100.0,3.0183824282385985e-26
483,0.004547142190858722,100.0,2.9438400030758706e-26
484,0.0035067024873569608,100.0,4.4391295467077917e-26
485,0.0042394965421408415,100.0,1.3807897728757934e-26
486,0.005946093937382102,100.0,1.9917970566340704e-26
487,0.006498172180727124,100.0,3.859475108219216e-25
488,0.004977287142537534,100.0,4.304765642060617e-25
489,0.004070689436048269,100.0,7.126709046146845e-24
490,0.00433834979776293,100.0,2.97751635925581e-23
491,0.00683125969953835,100.0,4.596383261247989e-23
492,0.0031500100158154964,100.0,2.6927542963222155e-23
493,0.004928974201902747,100.0,3.5998171729484575e-23
494,0.00477701798081398,100.0,1.426533935829339e-23
495,0.003158141626045108,100.0,5.2075283984494536e-24
496,0.0032059228979051113,100.0,2.4423521745207894e-23
497,0.003949351434130222,100.0,1.533392245189672e-22
498,0.004019009415060282,100.0,1.0178323268002246e-22
499,0.005227138753980398,100.0,1.5740986038587797e-22
500,0.0033840712858363986,100.0,9.886261086251736e-23
501,0.004454184672795236,100.0,8.067801899165819e-22
502,0.00586440647020936,100.0,1.8662452252805844e-22
503,0.003755170851945877,100.0,3.1440481780093314e-22
504,0.004706372041255236,100.0,2.8750196997057675e-21
505,0.003817605203948915,100.0,1.1082330981005875e-21
506,0.0053169745951890945,100.0,2.267572467904384e-22
507,0.003931290179025382,100.0,5.244960211278207e-22
508,0.005942507996223867,100.0,1.496909536159539e-21
509,0.00407090678345412,100.0,1.1665912355768613e-21
510,0.005867648171260953,100.0,7.44955456834856e-22
511,0.004992128815501928,100.0,2.350554273759295e-21
512,0.0030861590057611465,100.0,2.651967701032716e-21
513,0.0023118776734918356,100.0,1.8839890673108334e-21
514,0.003167702117934823,100.0,5.900721172421866e-21
515,0.003958519548177719,100.0,4.2019902700641504e-21
516,0.002771820640191436,100.0,4.284389252860509e-21
517,0.007953818305395544,100.0,5.508282284166353e-26
518,0.0035909254802390933,100.0,2.629834227901438e-28
519,0.002834815881215036,100.0,7.742839266579337e-28
520,0.002988421590998769,100.0,2.512399205094968e-28
521,0.0029852212173864245,100.0,9.404423048296029e-29
522,0.0032191717764362693,100.0,2.5476937972558084e-28
523,0.0031330393976531923,100.0,1.1190202829888963e-27
524,0.0047447653487324715,100.0,6.631231984242884e-28
525,0.0022587639396078885,100.0,2.672909191851614e-27
526,0.004021068569272757,100.0,2.715567480858322e-28
527,0.005607330938801169,100.0,9.680399179676998e-29
528,0.004584913142025471,100.0,1.4850733856491958e-28
529,0.0038002405781298876,100.0,3.1515571544415845e-30
530,0.00337425887119025,100.0,1.5160721910690806e-29
531,0.003694782732054591,100.0,1.1917398708297477e-30
532,0.006188122439198196,100.0,3.303958699279931e-29
533,0.004132522270083427,100.0,1.0210484614406296e-29
534,0.005105538759380579,100.0,5.856183607841775e-29
535,0.004161000018939376,100.0,2.121594315604771e-28
536,0.0028020578902214766,100.0,8.703934160796955e-28
537,0.004442466655746102,100.0,2.3020770625531876e-28
538,0.0031128576956689358,100.0,1.0291495547324853e-27
539,0.0035196664975956082,100.0,3.2644599224211145e-28
540,0.0037997112376615405,100.0,7.2911807686363365e-28
541,0.0023497072979807854,100.0,4.2076407792610146e-27
542,2.6558336466550827,48.4375,0.0
543,0.8092178851366043,48.4375,100.40065002441406
544,0.9785369634628296,50.0,1.18104887008667
545,0.7947145402431488,45.3125,0.5163935422897339
546,0.7360645830631256,45.3125,0.4978424310684204
547,0.713895857334137,46.875,0.4975685775279999
548,0.6820797324180603,53.125,0.5347497463226318
549,0.6884253621101379,50.0,0.4821673631668091
550,0.6862117052078247,53.125,0.690436601638794
551,0.6943354606628418,53.125,0.6913952827453613
552,0.6847246289253235,53.125,0.6890307664871216
553,0.693572610616684,53.125,0.6846088171005249
554,0.6767088770866394,45.3125,0.6747397184371948
555,0.6745209693908691,54.6875,0.6671237945556641
556,0.6565191745758057,46.875,0.6597554683685303
557,0.635114312171936,57.8125,0.6679463982582092
558,0.6489725112915039,53.125,0.6675029993057251
559,0.6205105185508728,54.6875,0.6729141473770142
560,0.6295884549617767,54.6875,0.679267406463623
561,0.6360635757446289,53.125,0.6774842739105225
562,0.6259662508964539,56.25,0.6821357607841492
563,0.6723928153514862,53.125,0.6926096677780151
564,0.6339174509048462,59.375,0.6919839382171631
565,0.6305456459522247,57.8125,0.6923321485519409
566,0.628726065158844,54.6875,0.6926330327987671
567,0.5997836291790009,59.375,0.692639172077179
568,0.5980732142925262,56.25,0.6926466822624207
569,0.6120147407054901,57.8125,0.6926531791687012
570,0.6024855673313141,56.25,0.6926559805870056
571,0.588966965675354,57.8125,0.6926640868186951
572,0.579931378364563,60.9375,0.6926769614219666
573,0.5714306235313416,59.375,0.6926875710487366
574,0.5674146413803101,65.625,0.6926976442337036
575,0.5744703114032745,57.8125,0.6927077770233154
576,0.5460428893566132,67.1875,0.6744372248649597
577,0.5553125739097595,59.375,0.6310089826583862
578,0.5725778341293335,68.75,0.5975179672241211
579,0.5485809147357941,71.875,0.6030716896057129
580,0.5401310622692108,70.3125,0.5974948406219482
581,0.5505285263061523,75.0,0.5883431434631348
582,0.5055038034915924,81.25,0.5984473824501038
583,0.5234585553407669,70.3125,0.6317404508590698
584,0.5168194323778152,71.875,0.6213440299034119
585,0.506437286734581,81.25,0.5699198246002197
586,0.5048411190509796,82.8125,0.6072642803192139
587,0.5030683428049088,81.25,0.5865945219993591
588,0.5199214220046997,76.5625,0.6018121242523193
589,0.4960048496723175,82.8125,0.6142810583114624
590,0.5079843699932098,76.5625,0.6219527721405029
591,0.4918685406446457,82.8125,0.6555858850479126
592,0.47684118151664734,85.9375,0.6617882251739502
593,0.46180835366249084,84.375,0.6584304571151733
594,0.4554602652788162,92.1875,0.6411983966827393
595,0.4665827751159668,90.625,0.6075161099433899
596,0.47704295814037323,87.5,0.6285805702209473
597,0.4462965577840805,92.1875,0.653868556022644
598,0.7840242981910706,76.5625,0.6699455380439758
599,0.6093301773071289,79.6875,0.5704998970031738
600,0.4732365310192108,92.1875,1.1959853172302246
601,0.51311095058918,85.9375,1.0673108100891113
602,0.4549046605825424,84.375,0.5135146975517273
603,0.44219839572906494,98.4375,0.6894005537033081
604,0.43449878692626953,92.1875,0.6803208589553833
605,0.4319721460342407,90.625,0.6580365896224976
606,0.4238427132368088,95.3125,0.5590881109237671
607,0.8288105130195618,54.6875,0.2002962827682495
608,0.6216655373573303,73.4375,0.38051676750183105
609,0.4646898955106735,90.625,0.3578629791736603
610,0.4375036060810089,89.0625,0.3735067844390869
611,0.4014509469270706,100.0,0.4120006859302521
612,0.4209437221288681,98.4375,0.36948850750923157
613,0.3883639723062515,98.4375,0.3602498173713684
614,0.398027628660202,100.0,0.39437657594680786
615,0.37307339906692505,98.4375,0.40032655000686646
616,0.3758031725883484,98.4375,0.4060746431350708
617,0.3567615896463394,100.0,0.4763435125350952
618,0.3301657363772392,100.0,0.502454936504364
619,0.32137617468833923,100.0,0.500455915927887
620,0.3078923970460892,100.0,0.5069530010223389
621,0.2977103888988495,92.1875,0.5209509134292603
622,0.32452407479286194,100.0,0.5177353620529175
623,0.26885786652565,100.0,0.514518141746521
624,0.2391614094376564,100.0,0.5289871692657471
625,0.23758437857031822,98.4375,0.5299382209777832
626,0.23624994605779648,100.0,0.539491593837738
627,0.28204260021448135,92.1875,0.5102959871292114
628,0.23539067804813385,100.0,0.5303103923797607
629,0.23111049830913544,100.0,0.5276382565498352
630,0.23488245531916618,100.0,0.5240137577056885
631,0.22439395636320114,100.0,0.5099239349365234
632,0.20324398577213287,100.0,0.5039224624633789
633,0.19494794309139252,100.0,0.505318284034729
634,0.2039014771580696,100.0,0.5054196119308472
635,0.18030456826090813,100.0,0.49669575691223145
636,0.17244177777320147,100.0,0.5092084407806396
637,0.16709967143833637,100.0,0.5186952352523804
638,0.17733837477862835,100.0,0.5217642188072205
639,0.156773891299963,100.0,0.5226289629936218
640,0.1632147878408432,100.0,0.5127202272415161
641,0.17003712616860867,100.0,0.497467964887619
642,0.14640278741717339,100.0,0.46287834644317627
643,0.1563520454801619,100.0,0.44330036640167236
644,0.17943160980939865,96.875,0.43210580945014954
645,0.13780173379927874,100.0,0.4489874839782715
646,0.13486951123923063,100.0,0.45759254693984985
647,0.1227055974304676,100.0,0.4577558934688568
648,0.1464399923570454,100.0,0.46025192737579346
649,0.12081555742770433,100.0,0.44307494163513184
650,0.12690101563930511,100.0,0.4405752420425415
651,0.12752231676131487,100.0,0.4431360363960266
652,0.12481885449960828,100.0,0.4305008351802826
653,0.1321861664764583,100.0,0.4241527020931244
654,0.11721347086131573,100.0,0.39133259654045105
655,0.11557323951274157,100.0,0.3829210102558136
656,0.10604841774329543,100.0,0.3658636212348938
657,0.11494185170158744,100.0,0.3639910817146301
658,0.12187955807894468,100.0,0.3807055652141571
659,0.10158574255183339,100.0,0.4032089412212372
660,0.10329965967684984,100.0,0.40133440494537354
661,0.10547596449032426,100.0,0.40132373571395874
662,0.11307892808690667,100.0,0.3962560296058655
663,0.10249798651784658,100.0,0.38453274965286255
664,0.09539562882855535,100.0,0.3828556537628174
665,0.09407418593764305,100.0,0.39176833629608154
666,0.09728926466777921,100.0,0.4068530201911926
667,0.08512551872991025,100.0,0.4087086319923401
668,0.08377112075686455,100.0,0.41428613662719727
669,0.10362371569499373,100.0,0.3822869062423706
670,0.08389842975884676,100.0,0.3658931255340576
671,0.08807646692730486,100.0,0.3516063392162323
672,0.10865555657073855,100.0,0.3427494168281555
673,0.08832806930877268,100.0,0.34948796033859253
674,0.07686570566147566,100.0,0.2633737325668335
675,0.07308874907903373,100.0,0.26273512840270996
676,0.06793280690908432,100.0,0.27847200632095337
677,0.0732348132878542,100.0,0.2814342975616455
678,0.06506064580753446,100.0,0.2915404438972473
679,0.05961179453879595,100.0,0.30862051248550415
680,0.08259935583919287,100.0,0.2500162422657013
681,0.052594542503356934,100.0,0.22333607077598572
682,0.05939499521628022,100.0,0.17019057273864746
683,0.05282041197642684,100.0,0.14602425694465637
684,0.048647127114236355,100.0,0.1479644477367401
685,0.05799067532643676,100.0,0.154786616563797
686,0.04792747786268592,100.0,0.15053534507751465
687,0.048635323299095035,100.0,0.1336912214756012
688,0.046075644553638995,100.0,0.13176988065242767
689,0.05355217889882624,100.0,0.1286160945892334
690,0.04338963842019439,100.0,0.1375085860490799
691,0.057598829618655145,100.0,0.15005841851234436
692,0.04312219563871622,100.0,0.1410936713218689
693,0.06732197874225676,100.0,0.12148904800415039
694,0.04602652043104172,100.0,0.11400226503610611
695,0.039838195545598865,100.0,0.10892899334430695
696,0.03566179727204144,100.0,0.10684705525636673
697,0.04215674567967653,100.0,0.10245926678180695
698,0.0343730814056471,100.0,0.12005557119846344
699,0.03538392577320337,100.0,0.1294402927160263
700,0.028452781261876225,100.0,0.12948143482208252
701,0.04034726973623037,100.0,0.1291939616203308
702,0.04713851772248745,100.0,0.16566547751426697
703,0.031734683201648295,100.0,0.14290030300617218
704,0.03979478357359767,100.0,0.1558033972978592
705,0.03245147946290672,100.0,0.16316001117229462
706,0.03274676075670868,100.0,0.21601244807243347
707,0.03190229879692197,100.0,0.22264565527439117
708,0.028774085454642773,100.0,0.22831785678863525
709,0.03515442926436663,100.0,0.23070156574249268
710,0.04707690794020891,100.0,0.2187330722808838
711,0.029587607365101576,100.0,0.19597557187080383
712,0.03628238756209612,100.0,0.18492288887500763
713,0.02347742475103587,100.0,0.1704941987991333
714,0.02402823616284877,100.0,0.1602446287870407
715,0.04520542430691421,100.0,0.12908130884170532
716,0.023721924517303705,100.0,0.1311064064502716
717,0.02933297341223806,100.0,0.17821209132671356
718,0.032621659338474274,100.0,0.18621444702148438
719,0.02603099448606372,100.0,0.1683182716369629
720,0.026350677711889148,100.0,0.15245288610458374
721,0.026276238495483994,100.0,0.13522768020629883
722,0.030446027172729373,100.0,0.10744260996580124
723,0.02069076895713806,100.0,0.10790751874446869
724,0.026775456382893026,100.0,0.10793610662221909
725,0.025292049627751112,100.0,0.10802546888589859
726,0.028507254784926772,100.0,0.1019669845700264
727,0.02008405060041696,100.0,0.10301180183887482
728,0.01890462904702872,100.0,0.100588858127594
729,0.015811346704140306,100.0,0.09777712821960449
730,0.03522687859367579,100.0,0.092251718044281
731,0.02469399617984891,100.0,0.08846205472946167
732,0.031552010448649526,100.0,0.0700717642903328
733,0.023277258733287454,100.0,0.0723252147436142
734,0.02278134401421994,100.0,0.08001954853534698
735,0.025987295084632933,100.0,0.08059655129909515
736,0.016979791456833482,100.0,0.07366239279508591
737,0.01831165375187993,100.0,0.07430503517389297
738,0.02500291622709483,100.0,0.07934273779392242
739,0.022366190212778747,100.0,0.08682794868946075
740,0.018688231415580958,100.0,0.08837363123893738
741,0.019809146993793547,100.0,0.09542220830917358
742,0.021695399889722466,100.0,0.08544899523258209
743,0.02725678402930498,100.0,0.07995453476905823
744,0.020633751875720918,100.0,0.07074165344238281
745,0.025228613056242466,100.0,0.0972602516412735
746,0.02190251904539764,100.0,0.09934121370315552
747,0.01735087006818503,100.0,0.10334087163209915
748,0.013280321494676173,100.0,0.11741785705089569
749,0.022327922808472067,100.0,0.10568216443061829
750,0.015107937506400049,100.0,0.11244988441467285
751,0.014538860181346536,100.0,0.10641810297966003
752,0.013585151027655229,100.0,0.11571470648050308
753,0.013345003477297723,100.0,0.11882925033569336
754,0.013527037168387324,100.0,0.08600638061761856
755,0.012093366065528244,100.0,0.08350437134504318
756,0.01326304639223963,100.0,0.0884547084569931
757,0.016748250549426302,100.0,0.07482890784740448
758,0.014327052049338818,100.0,0.07106637954711914
759,0.014577280264347792,100.0,0.07308569550514221
760,0.017713102279230952,100.0,0.08036117255687714
761,0.01797382111544721,100.0,0.12268601357936859
762,0.013882638537324965,100.0,0.14082016050815582
763,0.017981083772610873,100.0,0.13606837391853333
764,0.013954490190371871,100.0,0.14298279583454132
765,0.028819021536037326,100.0,0.13890555500984192
766,0.01743312948383391,100.0,0.12529438734054565
767,0.011289689689874649,100.0,0.12663380801677704
768,0.015676179551519454,100.0,0.13876160979270935
769,0.018352177343331277,100.0,0.12786656618118286
770,0.012330924568232149,100.0,0.1359487920999527
771,0.01387974905082956,100.0,0.14852342009544373
772,0.012673813267610967,100.0,0.15064547955989838
773,0.013006213353946805,100.0,0.14464214444160461
774,0.012126230663852766,100.0,0.14782294631004333
775,0.013008608715608716,100.0,0.1442432999610901
776,0.011083066056016833,100.0,0.14739517867565155
777,0.014032273786142468,100.0,0.14272554218769073
778,0.01212396373739466,100.0,0.13828711211681366
779,0.011167480668518692,100.0,0.15247337520122528
780,0.013282282976433635,100.0,0.17798900604248047
781,0.009923388308379799,100.0,0.18287013471126556
782,0.010996420518495142,100.0,0.2118629813194275
783,0.010509083309443668,100.0,0.22081820666790009
784,0.009216682810802013,100.0,0.23249408602714539
785,0.010058839339762926,100.0,0.24740877747535706
786,0.01041621518379543,100.0,0.2701612114906311
787,0.011050430533941835,100.0,0.2511921226978302
788,0.013117482187226415,100.0,0.26962465047836304
789,0.009823952743317932,100.0,0.3210921287536621
790,0.01149586369865574,100.0,0.37237346172332764
791,0.011516528815263882,100.0,0.3969849944114685
792,0.010825140227098018,100.0,0.43293172121047974
793,0.009426778589840978,100.0,0.4144209027290344
794,0.008131022856105119,100.0,0.39406540989875793
795,0.010076561593450606,100.0,0.4095609784126282
796,0.00843031844124198,100.0,0.4435720145702362
797,0.010406244517071173,100.0,0.5227557420730591
798,0.008288601180538535,100.0,0.5507839918136597
799,0.007808016816852614,100.0,0.497675359249115
800,0.008424017200013623,100.0,0.4653891324996948
801,0.0074361902952659875,100.0,0.45369428396224976
802,0.007402746239677072,100.0,0.41451433300971985
803,0.009589393623173237,100.0,0.4135732054710388
804,0.02157128870021552,100.0,0.43791651725769043
805,0.008007471857126802,100.0,0.4087516963481903
806,0.009062442812137306,100.0,0.39053893089294434
807,0.006769331987015903,100.0,0.3233094811439514
808,0.009587493143044412,100.0,0.340038001537323
809,0.008309983531944454,100.0,0.3871948719024658
810,0.011839212878840044,100.0,0.313801109790802
811,0.01387878693640232,100.0,0.12414146959781647
812,0.00783243280602619,100.0,0.08713014423847198
813,0.008889330754755065,100.0,0.08150632679462433
814,0.0069682700268458575,100.0,0.07580574601888657
815,0.007918528455775231,100.0,0.08033448457717896
816,0.013982124219182879,100.0,0.039663393050432205
817,0.0066319117322564125,100.0,0.036754310131073
818,0.00903474772349,100.0,0.03179468959569931
819,0.009136134816799313,100.0,0.03896161913871765
820,0.008448980748653412,100.0,0.05278389900922775
821,0.006094745127484202,100.0,0.04890972003340721
822,0.005588276137132198,100.0,0.0491950698196888
823,0.008684430795256048,100.0,0.0447552427649498
824,0.00869665842037648,100.0,0.034398458898067474
825,0.009219818166457117,100.0,0.049761541187763214
826,0.007820547209121287,100.0,0.049491919577121735
827,0.00638084442471154,100.0,0.04386422783136368
828,0.00896475263289176,100.0,0.054444242268800735
829,0.0060576319810934365,100.0,0.057845164090394974
830,0.008458105381578207,100.0,0.059708498418331146
831,0.005850246816407889,100.0,0.11099812388420105
832,0.007009182358160615,100.0,0.13125213980674744
833,0.0052255429327487946,100.0,0.13021668791770935
834,0.006369417766109109,100.0,0.12839828431606293
835,0.005934959859587252,100.0,0.09805384278297424
836,0.007381681120023131,100.0,0.11576761305332184
837,0.006908658426254988,100.0,0.21058662235736847
838,0.005798500846140087,100.0,0.18179644644260406
839,0.004658980818931013,100.0,0.17464902997016907
840,0.006059669016394764,100.0,0.15632745623588562
841,0.006554281339049339,100.0,0.08234009146690369
842,0.005958976136753336,100.0,0.06786775588989258
843,0.006743799487594515,100.0,0.0742514580488205
844,0.0066205880721099675,100.0,0.07975005358457565
845,0.00637688345159404,100.0,0.07822210341691971
846,0.005325450940290466,100.0,0.1003984659910202
847,0.005551126407226548,100.0,0.10979346930980682
848,0.00572694925358519,100.0,0.07651068270206451
849,0.005432277102954686,100.0,0.05777299404144287
850,0.006397120712790638,100.0,0.05972897261381149
851,0.006021413195412606,100.0,0.054152533411979675
852,0.009765183494891971,100.0,0.05374613404273987
853,0.004938872400089167,100.0,0.04445583373308182
854,0.006110585032729432,100.0,0.05166950821876526
855,0.0050894469022750854,100.0,0.047426313161849976
856,0.007313520822208375,100.0,0.061017733067274094
857,0.0059414286515675485,100.0,0.06466209143400192
858,0.005147764692083001,100.0,0.052118655294179916
859,0.006086974288336933,100.0,0.05063600838184357
860,0.004929755348712206,100.0,0.05401261895895004
861,0.005732235265895724,100.0,0.05919022858142853
862,0.007417087268549949,100.0,0.06369387358427048
863,0.004607761205988936,100.0,0.05389254540205002
864,0.004655923170503229,100.0,0.049054451286792755
865,0.0048870220489334315,100.0,0.04406806454062462
866,0.0059199029637966305,100.0,0.03328819200396538
867,0.006905454181833193,100.0,0.0306747704744339
868,0.005245940410532057,100.0,0.03366609662771225
869,0.006851277546957135,100.0,0.035606443881988525
870,0.0053281415021047,100.0,0.03505134582519531
871,0.005279800621792674,100.0,0.03387510031461716
872,0.003272335306974128,100.0,0.03456178307533264
873,0.004760171170346439,100.0,0.03446146845817566
874,0.008167974738171324,100.0,0.03575296700000763
875,0.004374090785859153,100.0,0.041068993508815765
876,0.0033795927884057164,100.0,0.0454840213060379
877,0.005128789227455854,100.0,0.07200069725513458
878,0.004390481393784285,100.0,0.10951516777276993
879,0.005490688781719655,100.0,0.1275179386138916
880,0.005289780761813745,100.0,0.12264706194400787
881,0.004954536503646523,100.0,0.12358817458152771
882,0.004647290785214864,100.0,0.1293978989124298
883,0.004588150783092715,100.0,0.14042934775352478
884,0.005646310048177838,100.0,0.10954101383686066
885,0.0031385780457640067,100.0,0.105121910572052
886,0.005339794050087221,100.0,0.09405802190303802
887,0.003821360180154443,100.0,0.08796091377735138
888,0.007532043673563749,100.0,0.25489678978919983
889,0.004358943828265183,100.0,0.3029502034187317
890,0.0056978341890499,100.0,0.20565900206565857
891,0.004761390344356187,100.0,0.21517153084278107
892,0.0031364472524728626,100.0,0.20173025131225586
893,0.004929794347845018,100.0,0.213550865650177
894,0.0052703486871905625,100.0,0.1462903767824173
895,0.00446063547860831,100.0,0.16647064685821533
896,0.00560082372976467,100.0,0.16550332307815552
897,0.0034510495170252398,100.0,0.15199796855449677
898,0.0057196542620658875,100.0,0.13446146249771118
899,0.004667012661229819,100.0,0.11409403383731842
900,0.003173145931214094,100.0,0.16101691126823425
901,0.0046899516601115465,100.0,0.18966642022132874
902,0.004713133035693318,100.0,0.21288645267486572
903,0.0041951968596549705,100.0,0.24877260625362396
904,0.0036428287712624297,100.0,0.2467225193977356
905,0.006101349135860801,100.0,0.38801309466362
906,0.003972397244069725,100.0,0.4496259391307831
907,0.003430337645113468,100.0,0.3528457283973694
908,0.0034162870288128033,100.0,0.21134023368358612
909,0.0033157398574985564,100.0,0.2322121560573578
910,0.003494747565127909,100.0,0.33289939165115356
911,0.0034327205357840285,100.0,0.2740956246852875
912,0.003518216166412458,100.0,0.17828035354614258
913,0.003901050120475702,100.0,0.14872674643993378
914,0.00412075620261021,100.0,0.14302551746368408
915,0.0023648856731597334,100.0,0.12396584451198578
916,0.004009004856925458,100.0,0.11734513938426971
917,0.0026371025596745312,100.0,0.09151293337345123
918,0.004636852740077302,100.0,0.08489261567592621
919,0.004555156396236271,100.0,0.08803542703390121
920,0.004299602616811171,100.0,0.09360159188508987
921,0.030154254505760036,100.0,0.00044559070374816656
922,0.0050811414257623255,100.0,4.831788828596473e-05
923,0.008409307221882045,100.0,0.0002711343113332987
924,0.005588566185906529,100.0,0.004261308815330267
925,0.006356623605825007,100.0,0.00806582160294056
926,0.003472640353720635,100.0,0.008533503860235214
927,0.005858847049239557,100.0,0.025357481092214584
928,0.006925478694029152,100.0,0.03927288204431534
929,0.0043273839401081204,100.0,0.048964131623506546
930,0.003824118699412793,100.0,0.06486662477254868
931,0.003056006200495176,100.0,0.059166647493839264
932,0.0040448216459481046,100.0,0.07079368084669113
933,0.0031516649178229272,100.0,0.06616317480802536
934,0.003924029719200917,100.0,0.06964221596717834
935,0.0034540933193056844,100.0,0.1330007165670395
936,0.005660282506141812,100.0,0.22548244893550873
937,0.006937626370927319,100.0,0.7396283149719238
938,0.006262733215407934,100.0,0.46561071276664734
939,0.0032870001741684973,100.0,0.6845588088035583
940,0.0042086560861207545,100.0,0.5656469464302063
941,0.0032182898867176846,100.0,0.4529531002044678
942,0.002764215154456906,100.0,0.35062944889068604
943,0.0022815172269474715,100.0,0.2736869752407074
944,0.003949010162614286,100.0,0.1873396635055542
945,0.004087997062015347,100.0,0.14538094401359558
946,0.004586732931784354,100.0,0.3014563322067261
947,0.002239471592474729,100.0,0.20214833319187164
948,0.005717847234336659,100.0,0.19044660031795502
949,0.002972801506984979,100.0,0.17031776905059814
950,0.002721187163842842,100.0,0.1410394310951233
951,0.002864213805878535,100.0,0.1348152756690979
952,0.005202142245252617,100.0,0.24412599205970764
953,0.008017467189347371,100.0,0.14858859777450562
954,0.004225745098665357,100.0,0.150063157081604
955,0.0036290350690251216,100.0,0.15189126133918762
956,0.0026511297619435936,100.0,0.10492832958698273
957,0.0023042210668791085,100.0,0.10019863396883011
958,0.0030709520797245204,100.0,0.04762204736471176
959,0.0026600950805004686,100.0,0.03881538659334183
960,0.002994928785483353,100.0,0.038519393652677536
961,0.0037130801647435874,100.0,0.043710894882678986
962,0.003614208981161937,100.0,0.05636613816022873
963,0.002423315221676603,100.0,0.059996187686920166
964,0.002802267626975663,100.0,0.0593964159488678
965,0.0023157124960562214,100.0,0.057143546640872955
966,0.00452976425003726,100.0,0.09382586926221848
967,0.0027481992729008198,100.0,0.09419423341751099
968,0.0030046151077840477,100.0,0.11935466527938843
969,0.002560178021667525,100.0,0.1256110966205597
970,0.002740511408774182,100.0,0.11382148414850235
971,0.001937806562636979,100.0,0.10391794145107269
972,0.0036603068001568317,100.0,0.10442759096622467
973,0.0026467434654477984,100.0,0.11042633652687073
974,0.003934100910555571,100.0,0.08298435807228088
975,0.002510757381969597,100.0,0.10486039519309998
976,0.00541500069812173,100.0,0.06481020152568817
977,0.0029656114638783038,100.0,0.0819476917386055
978,0.004180773452389985,100.0,0.10822868347167969
979,0.002703382953768596,100.0,0.1142471432685852
980,0.0036220936744939536,100.0,0.12027382850646973
981,0.004142980367760174,100.0,0.10574980825185776
982,0.002163996046874672,100.0,0.10035765171051025
983,0.002074854855891317,100.0,0.0860157161951065
984,0.0019150073567288928,100.0,0.0765262246131897
985,0.0035444805107545108,100.0,0.0665157288312912
986,0.0024725602997932583,100.0,0.06545805931091309
987,0.0020533648785203695,100.0,0.056269872933626175
988,0.0030368017178261653,100.0,0.04547452554106712
989,0.0026573723880574107,100.0,0.04466421902179718
990,0.0023127522435970604,100.0,0.045061640441417694
991,0.0017792666767491028,100.0,0.04946111887693405
992,0.002722856850596145,100.0,0.057777561247348785
993,0.0017422716337023303,100.0,0.04867839068174362
994,0.0023018121792119928,100.0,0.04656689614057541
995,0.002050860617600847,100.0,0.0478874109685421
996,0.002116956631653011,100.0,0.04342389106750488
997,0.002972859794681426,100.0,0.040767740458250046
998,0.002245326933916658,100.0,0.034100525081157684
999,0.00218891107942909,100.0,0.03986205905675888
